waktu,Aleric & Kautsar,Firza & Atha,Irsyad & Nadhif
10:36:23,0,0,0
10:36:53,0,0,0
10:37:23,0,0,0
10:37:53,0,0,1
10:38:23,1,1,1
10:38:53,1,1,1
10:39:23,1,2,2
10:39:53,1,2,2
10:40:23,1,3,3
10:40:53,1,3,3
10:41:23,1,3,3
10:41:53,1,3,3
10:42:23,1,3,3
10:42:53,1,3,3
10:43:23,1,3,3
10:43:54,1,3,3
10:44:24,1,3,4
10:44:54,2,3,4
10:45:24,2,4,4
10:45:54,2,4,4
10:46:24,2,5,5
10:46:54,5,5,6
10:47:24,5,6,6
10:47:54,7,6,6
10:48:24,8,6,6
10:48:54,8,6,7
10:49:24,9,6,7
10:49:54,10,8,7
10:50:24,10,9,7
10:50:55,10,9,7
10:51:25,11,10,7
10:51:55,11,11,8
10:52:25,14,11,8
10:52:55,14,11,8
10:53:25,15,11,9
10:53:55,15,11,9
10:54:25,15,11,9
10:54:55,15,11,9
10:55:25,15,11,10
10:55:55,16,11,11
10:56:25,16,11,12
10:56:55,16,13,13
10:57:25,17,14,13
10:57:56,20,14,13
10:58:26,22,14,13
10:58:56,24,14,14
10:59:26,24,15,14
10:59:56,26,15,14
11:00:26,26,16,14
11:00:56,26,16,14
11:01:26,26,17,17
11:01:56,26,17,19
11:02:26,28,17,19
11:02:56,29,17,19
11:03:26,31,17,19
11:03:56,31,17,19
11:04:26,32,17,19
11:04:56,35,18,19
11:05:27,36,18,19
11:05:57,37,20,19
11:06:27,38,20,19
11:06:57,41,21,19
11:07:27,42,21,20
11:07:57,43,21,22
11:08:27,43,21,22
11:08:57,46,21,22
11:09:27,48,22,22
11:09:57,49,23,22
11:10:27,50,23,22
11:10:57,53,23,22
11:11:27,53,23,23
11:11:57,53,23,24
11:12:27,53,23,24
11:12:57,55,23,24
11:13:27,58,23,24
11:13:57,59,23,24
11:14:28,59,23,25
11:14:58,61,23,25
11:15:28,62,23,26
11:15:58,63,23,26
11:16:28,64,23,26
11:16:58,65,23,28
11:17:28,66,23,28
11:17:58,69,23,28
11:18:28,70,24,29
11:18:58,73,24,29
11:19:28,73,24,29
11:19:58,73,24,29
11:20:28,73,24,29
11:20:58,75,24,29
11:21:28,77,24,29
11:21:58,77,25,31
11:22:28,77,25,31
11:22:59,77,25,31
11:23:29,79,25,31
11:23:59,83,25,31
11:24:29,84,25,31
11:24:59,87,25,31
11:25:29,88,25,31
11:25:59,89,25,31
11:26:29,89,25,31
11:26:59,92,25,31
11:27:29,93,25,31
11:27:59,96,25,31
11:28:29,97,25,32
11:28:59,98,25,32
11:29:29,99,25,32
11:29:59,100,25,33
11:30:29,101,25,34
11:30:59,103,25,35
11:31:30,104,25,37
11:32:00,104,25,38
11:32:30,106,25,39
11:33:00,108,25,39
11:33:30,111,25,39
11:34:00,113,25,40
11:34:30,115,25,40
11:35:00,115,25,43
11:35:30,118,25,44
11:36:00,120,25,44
11:36:30,122,25,44
11:37:00,126,25,44
11:37:30,126,26,44
11:38:00,129,27,44
11:38:30,131,28,45
11:39:00,134,28,45
11:39:31,137,28,45
11:40:01,139,29,45
11:40:31,140,29,45
11:41:01,145,30,45
11:41:31,147,31,45
11:42:01,147,31,46
11:42:31,151,32,46
11:43:01,153,33,47
11:43:31,154,33,48
11:44:01,157,34,48
11:44:31,159,34,48
11:45:01,161,34,49
11:45:31,163,35,49
11:46:02,164,35,51
11:46:32,166,37,52
11:47:02,167,37,52
11:47:32,167,37,52
11:48:02,168,37,52
11:48:32,168,37,54
11:49:02,169,37,56
11:49:32,169,37,56
11:50:02,169,37,57
11:50:32,169,38,60
11:51:02,169,39,60
11:51:32,169,39,61
11:52:03,171,40,62
11:52:33,171,40,64
11:53:03,171,40,66
11:53:33,171,40,67
11:54:03,171,41,70
11:54:33,171,41,70
11:55:03,171,41,72
11:55:33,172,41,72
11:56:03,172,42,73
11:56:33,172,42,74
11:57:03,172,42,74
11:57:33,172,42,75
11:58:03,172,42,75
11:58:33,172,42,75
11:59:04,172,42,75
11:59:34,172,42,78
12:00:04,172,42,80
12:00:34,173,42,83
12:01:04,173,42,85
12:01:34,173,42,89
12:02:04,173,42,92
12:02:34,173,42,95
12:03:04,173,42,97
12:03:34,173,42,103
12:04:04,173,42,105
12:04:34,173,42,106
12:05:04,173,42,107
12:05:34,173,42,107
12:06:04,173,42,109
12:06:35,174,42,109
12:07:05,174,42,109
12:07:35,175,42,111
12:08:05,175,42,112
12:08:35,175,42,114
12:09:05,175,42,117
12:09:35,175,42,119
12:10:05,175,42,120
12:10:35,175,44,120
12:11:05,176,44,121
12:11:35,176,44,124
12:12:05,176,44,125
12:12:35,176,44,126
12:13:06,176,44,127
12:13:36,176,44,129
12:14:06,177,44,129
12:14:36,178,44,129
12:15:06,178,44,129
12:15:36,178,44,129
12:16:06,178,44,131
12:16:36,179,44,132
12:17:06,179,45,133
12:17:36,180,45,134
12:18:06,180,45,136
12:18:36,180,45,137
12:19:06,180,45,138
12:19:37,180,45,138
12:20:07,180,45,139
12:20:37,180,45,140
12:21:07,180,45,140
12:21:37,180,45,140
12:22:07,181,45,141
12:22:37,181,45,141
12:23:07,181,45,141
12:23:37,181,45,141
12:24:07,181,45,141
12:24:37,181,45,141
12:26:08,181,45,141
12:26:38,181,45,141
12:27:08,181,45,141
12:27:38,181,45,142
12:28:08,181,45,143
12:28:38,181,45,144
12:29:08,181,45,145
12:29:38,181,45,145
12:30:08,181,45,145
12:30:38,181,45,145
12:31:09,181,45,145
12:31:39,181,45,145
12:32:09,182,45,145
12:32:39,182,45,146
12:33:09,182,45,147
12:33:39,182,45,145
12:34:09,182,45,144
12:34:39,182,45,146
12:35:09,182,45,144
12:35:39,184,45,144
12:36:09,184,45,144
12:36:39,184,45,144
13:04:06,185,46,145
14:00:56,195,47,147
